{
  "elenco": [
    {
      "nome": "Carmela",
      "cognome": "Mollo",
      "id": 1
    },
    {
      "nome": "Cosimmo",
      "cognome": "Gargiullo",
      "id": 2
    },
    {
      "nome": "Christian",
      "cognome": "Mastropietro",
      "id": 3
    },
    {
      "nome": "Alberto",
      "cognome": "Scarsi",
      "id": 4
    },
    {
      "nome": "Riccardo",
      "cognome": "Sennati",
      "id": 5
    },
    {
      "nome": "Antonio",
      "cognome": "Maria",
      "id": 6
    },
    {
      "nome": "Francesca",
      "cognome": "Pozzi",
      "id": 7
    },
    {
      "nome": "Francesco",
      "cognome": "Caldeo",
      "id": 8
    },
    {
      "nome": "Carmen",
      "cognome": "Placonà",
      "id": 9
    },
    {
      "nome": "Teresa",
      "cognome": "Gaudencio",
      "id": 10
    },
    {
      "nome": "Laura",
      "cognome": "Rose",
      "id": 11
    }
  ]
}